model_name,fold_id,center,calibration_variant,uses_unlabeled_target_distribution,temperature,median_offset,auroc,brier,ece,sensitivity,specificity,ppv,npv,cin3_sensitivity,cin3_false_negatives,referral_rate
BioMedCLIP_Finetuned,loco_十堰市人民医院,十堰市人民医院,no_calibration,False,,,0.6597985347985348,0.1527103031325676,0.1749460958291888,0.42857142857142855,0.8247863247863247,0.1276595744680851,0.9601990049751243,0.25,3,0.18951612903225806
BioMedCLIP_Finetuned,loco_十堰市人民医院,十堰市人民医院,threshold_lock_only,False,,,0.6597985347985348,0.1527103031325676,0.1749460958291888,0.0,1.0,,0.9435483870967742,0.0,4,0.0
BioMedCLIP_Finetuned,loco_十堰市人民医院,十堰市人民医院,temperature_scaling_val_only,False,4.3500000000000005,,0.6597985347985348,0.14080907909135706,0.2553402895953982,0.0,1.0,,0.9435483870967742,0.0,4,0.0
BioMedCLIP_Finetuned,loco_十堰市人民医院,十堰市人民医院,logit_median_matching_target_unlabeled,True,,1.0581160658465647,0.6597985347985348,0.19899823649822088,0.22668791636010155,0.0,1.0,,0.9435483870967742,0.0,4,0.0
BioMedCLIP_Finetuned,loco_十堰市人民医院,十堰市人民医院,full_model_calibration,True,,1.0581160658465647,0.6597985347985348,0.19899823649822088,0.22668791636010155,0.0,1.0,,0.9435483870967742,0.0,4,0.0
BioMedCLIP_Finetuned,loco_恩施州中心医院,恩施州中心医院,no_calibration,False,,,0.7493589743589744,0.23686243842062268,0.2159451051514611,0.6076923076923076,0.7644927536231884,0.5486111111111112,0.8053435114503816,0.6875,20,0.35467980295566504
BioMedCLIP_Finetuned,loco_恩施州中心医院,恩施州中心医院,threshold_lock_only,False,,,0.7493589743589744,0.23686243842062268,0.2159451051514611,0.2,0.9855072463768116,0.8666666666666667,0.723404255319149,0.109375,57,0.07389162561576355
BioMedCLIP_Finetuned,loco_恩施州中心医院,恩施州中心医院,temperature_scaling_val_only,False,2.8000000000000003,,0.7493589743589744,0.19481502475439577,0.10595439869876118,0.0,1.0,,0.6798029556650246,0.0,64,0.0
BioMedCLIP_Finetuned,loco_恩施州中心医院,恩施州中心医院,logit_median_matching_target_unlabeled,True,,-1.961794189289897,0.7493589743589744,0.21857989346910134,0.20220419049725816,0.15384615384615385,0.9963768115942029,0.9523809523809523,0.7142857142857143,0.0,64,0.05172413793103448
BioMedCLIP_Finetuned,loco_恩施州中心医院,恩施州中心医院,full_model_calibration,True,,-1.961794189289897,0.7493589743589744,0.21857989346910134,0.20220419049725816,0.15384615384615385,0.9963768115942029,0.9523809523809523,0.7142857142857143,0.0,64,0.05172413793103448
BioMedCLIP_Finetuned,loco_武大人民医院,武大人民医院,no_calibration,False,,,,0.3562169739731759,0.42433974628740323,0.5842696629213483,,1.0,0.0,0.6938775510204082,15,0.5842696629213483
BioMedCLIP_Finetuned,loco_武大人民医院,武大人民医院,threshold_lock_only,False,,,,0.3562169739731759,0.42433974628740323,0.6966292134831461,,1.0,0.0,0.7551020408163265,12,0.6966292134831461
BioMedCLIP_Finetuned,loco_武大人民医院,武大人民医院,temperature_scaling_val_only,False,3.3000000000000003,,,0.2758508011438066,0.4520305105787145,0.9775280898876404,,1.0,0.0,0.8163265306122449,9,0.9775280898876404
BioMedCLIP_Finetuned,loco_武大人民医院,武大人民医院,logit_median_matching_target_unlabeled,True,,-5.083376966650182,,0.7470931589618699,0.7971518075336699,0.3258426966292135,,1.0,0.0,0.30612244897959184,34,0.3258426966292135
BioMedCLIP_Finetuned,loco_武大人民医院,武大人民医院,full_model_calibration,True,,-5.083376966650182,,0.7470931589618699,0.7971518075336699,0.3258426966292135,,1.0,0.0,0.30612244897959184,34,0.3258426966292135
BioMedCLIP_Finetuned,loco_荆州市第一人民医院,荆州市第一人民医院,no_calibration,False,,,0.5928367391782026,0.5629075234367742,0.5992740052693402,0.8108108108108109,0.3333333333333333,0.10869565217391304,0.9461538461538461,0.8461538461538461,2,0.6798029556650246
BioMedCLIP_Finetuned,loco_荆州市第一人民医院,荆州市第一人民医院,threshold_lock_only,False,,,0.5928367391782026,0.5629075234367742,0.5992740052693402,0.3783783783783784,0.7235772357723578,0.1206896551724138,0.9206896551724137,0.3076923076923077,9,0.2857142857142857
BioMedCLIP_Finetuned,loco_荆州市第一人民医院,荆州市第一人民医院,temperature_scaling_val_only,False,3.4000000000000004,,0.5931297150809346,0.43228423051508197,0.5425535963534573,0.0,1.0,,0.9088669950738916,0.0,13,0.0
BioMedCLIP_Finetuned,loco_荆州市第一人民医院,荆州市第一人民医院,logit_median_matching_target_unlabeled,True,,-4.9679049579553,0.5931297150809346,0.2943359486244112,0.3114751671236589,0.05405405405405406,0.94579945799458,0.09090909090909091,0.9088541666666666,0.15384615384615385,11,0.054187192118226604
BioMedCLIP_Finetuned,loco_荆州市第一人民医院,荆州市第一人民医院,full_model_calibration,True,,-4.9679049579553,0.5931297150809346,0.2943359486244112,0.3114751671236589,0.05405405405405406,0.94579945799458,0.09090909090909091,0.9088541666666666,0.15384615384615385,11,0.054187192118226604
BioMedCLIP_Finetuned,loco_襄阳市中心医院,襄阳市中心医院,no_calibration,False,,,0.5485780885780887,0.40758695198015765,0.41651812480893324,0.6,0.5153846153846153,0.25882352941176473,0.8204081632653061,0.7377049180327869,16,0.51
BioMedCLIP_Finetuned,loco_襄阳市中心医院,襄阳市中心医院,threshold_lock_only,False,,,0.5485780885780887,0.40758695198015765,0.41651812480893324,0.37272727272727274,0.7333333333333333,0.2827586206896552,0.8056338028169014,0.06557377049180328,57,0.29
BioMedCLIP_Finetuned,loco_襄阳市中心医院,襄阳市中心医院,temperature_scaling_val_only,False,2.45,,0.5485780885780887,0.3466550249105301,0.36262966314322537,0.11818181818181818,0.9358974358974359,0.34210526315789475,0.79004329004329,0.0,61,0.076
BioMedCLIP_Finetuned,loco_襄阳市中心医院,襄阳市中心医院,logit_median_matching_target_unlabeled,True,,-2.772696379757257,0.5485780885780887,0.31354965730074635,0.30555765220141207,0.16363636363636364,0.8641025641025641,0.2535211267605634,0.7855477855477856,0.0,61,0.142
BioMedCLIP_Finetuned,loco_襄阳市中心医院,襄阳市中心医院,full_model_calibration,True,,-2.772696379757257,0.5485780885780887,0.31354965730074635,0.30555765220141207,0.16363636363636364,0.8641025641025641,0.2535211267605634,0.7855477855477856,0.0,61,0.142
ClinicalOnly_Logistic,loco_十堰市人民医院,十堰市人民医院,no_calibration,False,,,0.8004426129426129,0.1602516245867557,0.2942131159800262,0.6428571428571429,0.8482905982905983,0.20224719101123595,0.9754299754299754,0.25,3,0.17943548387096775
ClinicalOnly_Logistic,loco_十堰市人民医院,十堰市人民医院,threshold_lock_only,False,,,0.8004426129426129,0.1602516245867557,0.2942131159800262,0.8214285714285714,0.6239316239316239,0.11557788944723618,0.9831649831649831,0.5,2,0.4012096774193548
ClinicalOnly_Logistic,loco_十堰市人民医院,十堰市人民医院,temperature_scaling_val_only,False,1.7000000000000002,,0.8002899877899877,0.17695242675764644,0.33292316106380604,0.8571428571428571,0.5534188034188035,0.10300429184549356,0.9847908745247148,0.75,1,0.46975806451612906
ClinicalOnly_Logistic,loco_十堰市人民医院,十堰市人民医院,logit_median_matching_target_unlabeled,True,,0.46255703544937044,0.8004426129426129,0.22810353491691432,0.38317307862816835,0.8571428571428571,0.5,0.09302325581395349,0.9831932773109243,0.75,1,0.5201612903225806
ClinicalOnly_Logistic,loco_十堰市人民医院,十堰市人民医院,full_model_calibration,True,,0.46255703544937044,0.8004426129426129,0.22810353491691432,0.38317307862816835,0.8571428571428571,0.5,0.09302325581395349,0.9831932773109243,0.75,1,0.5201612903225806
ClinicalOnly_Logistic,loco_恩施州中心医院,恩施州中心医院,no_calibration,False,,,0.6693979933110368,0.31518319185893523,0.3208351104126817,0.7846153846153846,0.39492753623188404,0.379182156133829,0.7956204379562044,0.8125,12,0.6625615763546798
ClinicalOnly_Logistic,loco_恩施州中心医院,恩施州中心医院,threshold_lock_only,False,,,0.6693979933110368,0.31518319185893523,0.3208351104126817,0.9538461538461539,0.21739130434782608,0.36470588235294116,0.9090909090909091,0.8125,12,0.8374384236453202
ClinicalOnly_Logistic,loco_恩施州中心医院,恩施州中心医院,temperature_scaling_val_only,False,1.55,,0.6693979933110368,0.2766530897616317,0.25691530598060197,0.9769230769230769,0.07971014492753623,0.3333333333333333,0.88,0.8125,12,0.9384236453201971
ClinicalOnly_Logistic,loco_恩施州中心医院,恩施州中心医院,logit_median_matching_target_unlabeled,True,,-1.6697128497107825,0.6693979933110368,0.21080805306518496,0.09342185099447967,0.7692307692307693,0.39492753623188404,0.37453183520599254,0.7841726618705036,0.375,40,0.6576354679802956
ClinicalOnly_Logistic,loco_恩施州中心医院,恩施州中心医院,full_model_calibration,True,,-1.6697128497107825,0.6693979933110368,0.21080805306518496,0.09342185099447967,0.7692307692307693,0.39492753623188404,0.37453183520599254,0.7841726618705036,0.375,40,0.6576354679802956
ClinicalOnly_Logistic,loco_武大人民医院,武大人民医院,no_calibration,False,,,,0.15843445061641648,0.37186525627417166,0.7752808988764045,,1.0,0.0,0.7551020408163265,12,0.7752808988764045
ClinicalOnly_Logistic,loco_武大人民医院,武大人民医院,threshold_lock_only,False,,,,0.15843445061641648,0.37186525627417166,0.5393258426966292,,1.0,0.0,1.0,0,0.5393258426966292
ClinicalOnly_Logistic,loco_武大人民医院,武大人民医院,temperature_scaling_val_only,False,1.55,,,0.17950691661978133,0.4126530764914806,0.47191011235955055,,1.0,0.0,1.0,0,0.47191011235955055
ClinicalOnly_Logistic,loco_武大人民医院,武大人民医院,logit_median_matching_target_unlabeled,True,,-1.269303648114918,,0.44466953129038467,0.6547178972457102,0.0,,,0.0,0.5918367346938775,20,0.0
ClinicalOnly_Logistic,loco_武大人民医院,武大人民医院,full_model_calibration,True,,-1.269303648114918,,0.44466953129038467,0.6547178972457102,0.0,,,0.0,0.5918367346938775,20,0.0
ClinicalOnly_Logistic,loco_荆州市第一人民医院,荆州市第一人民医院,no_calibration,False,,,0.8082106496740644,0.12637423986064128,0.2017190868169549,0.4864864864864865,0.8780487804878049,0.2857142857142857,0.9446064139941691,0.3076923076923077,9,0.15517241379310345
ClinicalOnly_Logistic,loco_荆州市第一人民医院,荆州市第一人民医院,threshold_lock_only,False,,,0.8082106496740644,0.12637423986064128,0.2017190868169549,0.972972972972973,0.38482384823848237,0.13688212927756654,0.993006993006993,0.46153846153846156,7,0.6477832512315271
ClinicalOnly_Logistic,loco_荆州市第一人民医院,荆州市第一人民医院,temperature_scaling_val_only,False,1.3,,0.8082106496740644,0.1353549341492119,0.23179195013736417,0.972972972972973,0.25745257452574527,0.11612903225806452,0.9895833333333334,0.46153846153846156,7,0.7635467980295566
ClinicalOnly_Logistic,loco_荆州市第一人民医院,荆州市第一人民医院,logit_median_matching_target_unlabeled,True,,0.6418929465396082,0.8082106496740644,0.19691585420979685,0.31359004979832583,1.0,0.21951219512195122,0.11384615384615385,1.0,0.6153846153846154,5,0.8004926108374384
ClinicalOnly_Logistic,loco_荆州市第一人民医院,荆州市第一人民医院,full_model_calibration,True,,0.6418929465396082,0.8082106496740644,0.19691585420979685,0.31359004979832583,1.0,0.21951219512195122,0.11384615384615385,1.0,0.6153846153846154,5,0.8004926108374384
ClinicalOnly_Logistic,loco_襄阳市中心医院,襄阳市中心医院,no_calibration,False,,,0.48580419580419576,0.36663885526775664,0.42802836011858886,0.5,0.37435897435897436,0.18394648829431437,0.7263681592039801,0.5573770491803278,27,0.598
ClinicalOnly_Logistic,loco_襄阳市中心医院,襄阳市中心医院,threshold_lock_only,False,,,0.48580419580419576,0.36663885526775664,0.42802836011858886,0.5636363636363636,0.28717948717948716,0.18235294117647058,0.7,0.4918032786885246,31,0.68
ClinicalOnly_Logistic,loco_襄阳市中心医院,襄阳市中心医院,temperature_scaling_val_only,False,1.6,,0.4853146853146853,0.31541224492893855,0.3624124601719065,0.5636363636363636,0.2641025641025641,0.17765042979942694,0.6821192052980133,0.3770491803278688,38,0.698
ClinicalOnly_Logistic,loco_襄阳市中心医院,襄阳市中心医院,logit_median_matching_target_unlabeled,True,,-0.9290116484892953,0.48580419580419576,0.2564782072204936,0.30613167630656457,0.4727272727272727,0.4,0.18181818181818182,0.7289719626168224,0.36065573770491804,39,0.572
ClinicalOnly_Logistic,loco_襄阳市中心医院,襄阳市中心医院,full_model_calibration,True,,-0.9290116484892953,0.48580419580419576,0.2564782072204936,0.30613167630656457,0.4727272727272727,0.4,0.18181818181818182,0.7289719626168224,0.36065573770491804,39,0.572
ClinicalOnly_XGBoost,loco_十堰市人民医院,十堰市人民医院,no_calibration,False,,,0.745650183150183,0.07714125218787406,0.09741336732685169,0.25,0.9423076923076923,0.20588235294117646,0.9545454545454546,0.25,3,0.06854838709677419
ClinicalOnly_XGBoost,loco_十堰市人民医院,十堰市人民医院,threshold_lock_only,False,,,0.745650183150183,0.07714125218787406,0.09741336732685169,0.75,0.5598290598290598,0.09251101321585903,0.9739776951672863,0.75,1,0.4576612903225806
ClinicalOnly_XGBoost,loco_十堰市人民医院,十堰市人民医院,temperature_scaling_val_only,False,1.7000000000000002,,0.745650183150183,0.09013104051720293,0.16211807810543336,0.8928571428571429,0.3269230769230769,0.07352941176470588,0.9807692307692307,0.75,1,0.6854838709677419
ClinicalOnly_XGBoost,loco_十堰市人民医院,十堰市人民医院,logit_median_matching_target_unlabeled,True,,1.0540567159625656,0.745650183150183,0.14135989699606216,0.21477287877929785,0.7857142857142857,0.40384615384615385,0.07308970099667775,0.9692307692307692,0.75,1,0.6068548387096774
ClinicalOnly_XGBoost,loco_十堰市人民医院,十堰市人民医院,full_model_calibration,True,,1.0540567159625656,0.745650183150183,0.14135989699606216,0.21477287877929785,0.7857142857142857,0.40384615384615385,0.07308970099667775,0.9692307692307692,0.75,1,0.6068548387096774
ClinicalOnly_XGBoost,loco_恩施州中心医院,恩施州中心医院,no_calibration,False,,,0.6768534002229654,0.20922712348498299,0.10804384096534278,0.36923076923076925,0.8333333333333334,0.5106382978723404,0.7371794871794872,0.3125,44,0.2315270935960591
ClinicalOnly_XGBoost,loco_恩施州中心医院,恩施州中心医院,threshold_lock_only,False,,,0.6768534002229654,0.20922712348498299,0.10804384096534278,0.9538461538461539,0.17753623188405798,0.35327635327635326,0.8909090909090909,0.953125,3,0.8645320197044335
ClinicalOnly_XGBoost,loco_恩施州中心医院,恩施州中心医院,temperature_scaling_val_only,False,1.6,,0.6768534002229654,0.20325603391472535,0.06815772837305806,0.9923076923076923,0.036231884057971016,0.3265822784810127,0.9090909090909091,0.96875,2,0.9729064039408867
ClinicalOnly_XGBoost,loco_恩施州中心医院,恩施州中心医院,logit_median_matching_target_unlabeled,True,,-1.5684240603181485,0.6768534002229654,0.2457077252010968,0.21180984721548188,0.8846153846153846,0.3188405797101449,0.3795379537953795,0.8543689320388349,0.703125,19,0.7463054187192119
ClinicalOnly_XGBoost,loco_恩施州中心医院,恩施州中心医院,full_model_calibration,True,,-1.5684240603181485,0.6768534002229654,0.2457077252010968,0.21180984721548188,0.8846153846153846,0.3188405797101449,0.3795379537953795,0.8543689320388349,0.703125,19,0.7463054187192119
ClinicalOnly_XGBoost,loco_武大人民医院,武大人民医院,no_calibration,False,,,,0.5589260739261099,0.7225885923867488,0.16853932584269662,,1.0,0.0,0.20408163265306123,39,0.16853932584269662
ClinicalOnly_XGBoost,loco_武大人民医院,武大人民医院,threshold_lock_only,False,,,,0.5589260739261099,0.7225885923867488,0.4943820224719101,,1.0,0.0,0.7346938775510204,13,0.4943820224719101
ClinicalOnly_XGBoost,loco_武大人民医院,武大人民医院,temperature_scaling_val_only,False,1.4000000000000001,,,0.4894478536177282,0.681007696096219,0.7078651685393258,,1.0,0.0,0.9183673469387755,4,0.7078651685393258
ClinicalOnly_XGBoost,loco_武大人民医院,武大人民医院,logit_median_matching_target_unlabeled,True,,-0.8677540217333639,,0.7294240095705913,0.8439681527083011,0.2696629213483146,,1.0,0.0,0.4489795918367347,27,0.2696629213483146
ClinicalOnly_XGBoost,loco_武大人民医院,武大人民医院,full_model_calibration,True,,-0.8677540217333639,,0.7294240095705913,0.8439681527083011,0.2696629213483146,,1.0,0.0,0.4489795918367347,27,0.2696629213483146
ClinicalOnly_XGBoost,loco_荆州市第一人民医院,荆州市第一人民医院,no_calibration,False,,,0.7370907492858713,0.08631129294173343,0.061091110123562026,0.2972972972972973,0.967479674796748,0.4782608695652174,0.9321148825065274,0.46153846153846156,7,0.05665024630541872
ClinicalOnly_XGBoost,loco_荆州市第一人民医院,荆州市第一人民医院,threshold_lock_only,False,,,0.7370907492858713,0.08631129294173343,0.061091110123562026,0.7837837837837838,0.5528455284552846,0.14948453608247422,0.9622641509433962,0.6923076923076923,4,0.47783251231527096
ClinicalOnly_XGBoost,loco_荆州市第一人民医院,荆州市第一人民医院,temperature_scaling_val_only,False,1.9500000000000002,,0.7370907492858713,0.10051739319011561,0.1350067038195047,1.0,0.22764227642276422,0.11490683229813664,1.0,1.0,0,0.7931034482758621
ClinicalOnly_XGBoost,loco_荆州市第一人民医院,荆州市第一人民医院,logit_median_matching_target_unlabeled,True,,0.6673838279292834,0.7370907492858713,0.10837567031515044,0.1196559784956422,0.8378378378378378,0.4146341463414634,0.12550607287449392,0.9622641509433962,0.7692307692307693,3,0.6083743842364532
ClinicalOnly_XGBoost,loco_荆州市第一人民医院,荆州市第一人民医院,full_model_calibration,True,,0.6673838279292834,0.7370907492858713,0.10837567031515044,0.1196559784956422,0.8378378378378378,0.4146341463414634,0.12550607287449392,0.9622641509433962,0.7692307692307693,3,0.6083743842364532
ClinicalOnly_XGBoost,loco_襄阳市中心医院,襄阳市中心医院,no_calibration,False,,,0.4286247086247086,0.2916803849747671,0.30430536762806143,0.33636363636363636,0.6153846153846154,0.19786096256684493,0.7667731629392971,0.39344262295081966,37,0.374
ClinicalOnly_XGBoost,loco_襄阳市中心医院,襄阳市中心医院,threshold_lock_only,False,,,0.4286247086247086,0.2916803849747671,0.30430536762806143,0.5,0.37948717948717947,0.18518518518518517,0.729064039408867,0.4918032786885246,31,0.594
ClinicalOnly_XGBoost,loco_襄阳市中心医院,襄阳市中心医院,temperature_scaling_val_only,False,1.6500000000000001,,0.4286247086247086,0.2655185666021922,0.2839942899111997,0.5818181818181818,0.2923076923076923,0.18823529411764706,0.7125,0.5573770491803278,27,0.68
ClinicalOnly_XGBoost,loco_襄阳市中心医院,襄阳市中心医院,logit_median_matching_target_unlabeled,True,,-1.4218362750362876,0.4286247086247086,0.2172234643753497,0.18254780338526874,0.38181818181818183,0.5487179487179488,0.1926605504587156,0.7588652482269503,0.08196721311475409,56,0.436
ClinicalOnly_XGBoost,loco_襄阳市中心医院,襄阳市中心医院,full_model_calibration,True,,-1.4218362750362876,0.4286247086247086,0.2172234643753497,0.18254780338526874,0.38181818181818183,0.5487179487179488,0.1926605504587156,0.7588652482269503,0.08196721311475409,56,0.436
ColposcopyOCTText_CrossAttention,loco_十堰市人民医院,十堰市人民医院,no_calibration,False,,,0.6771214896214895,0.13363689376189747,0.1524736163717659,0.4642857142857143,0.8461538461538461,0.15294117647058825,0.9635036496350365,0.75,1,0.17137096774193547
ColposcopyOCTText_CrossAttention,loco_十堰市人民医院,十堰市人民医院,threshold_lock_only,False,,,0.6771214896214895,0.13363689376189747,0.1524736163717659,0.03571428571428571,1.0,1.0,0.9454545454545454,0.25,3,0.0020161290322580645
ColposcopyOCTText_CrossAttention,loco_十堰市人民医院,十堰市人民医院,temperature_scaling_val_only,False,4.4,,0.6771214896214895,0.13384668587122683,0.2534030825365309,0.0,1.0,,0.9435483870967742,0.0,4,0.0
ColposcopyOCTText_CrossAttention,loco_十堰市人民医院,十堰市人民医院,logit_median_matching_target_unlabeled,True,,0.9970640032434535,0.6771214896214895,0.17816296254712108,0.19863002019891723,0.03571428571428571,0.9978632478632479,0.5,0.9453441295546559,0.25,3,0.004032258064516129
ColposcopyOCTText_CrossAttention,loco_十堰市人民医院,十堰市人民医院,full_model_calibration,True,,0.9970640032434535,0.6771214896214895,0.17816296254712108,0.19863002019891723,0.03571428571428571,0.9978632478632479,0.5,0.9453441295546559,0.25,3,0.004032258064516129
ColposcopyOCTText_CrossAttention,loco_恩施州中心医院,恩施州中心医院,no_calibration,False,,,0.7554905239687848,0.23275348523863823,0.21488834331931,0.6,0.7608695652173914,0.5416666666666666,0.8015267175572519,0.625,24,0.35467980295566504
ColposcopyOCTText_CrossAttention,loco_恩施州中心医院,恩施州中心医院,threshold_lock_only,False,,,0.7554905239687848,0.23275348523863823,0.21488834331931,0.08461538461538462,1.0,1.0,0.6987341772151898,0.078125,59,0.027093596059113302
ColposcopyOCTText_CrossAttention,loco_恩施州中心医院,恩施州中心医院,temperature_scaling_val_only,False,2.5,,0.7554905239687848,0.19466267953765587,0.11082138257369983,0.0,1.0,,0.6798029556650246,0.0,64,0.0
ColposcopyOCTText_CrossAttention,loco_恩施州中心医院,恩施州中心医院,logit_median_matching_target_unlabeled,True,,-1.4144547461607893,0.7554905239687848,0.2143661861246759,0.18949394705887154,0.0,1.0,,0.6798029556650246,0.0,64,0.0
ColposcopyOCTText_CrossAttention,loco_恩施州中心医院,恩施州中心医院,full_model_calibration,True,,-1.4144547461607893,0.7554905239687848,0.2143661861246759,0.18949394705887154,0.0,1.0,,0.6798029556650246,0.0,64,0.0
ColposcopyOCTText_CrossAttention,loco_武大人民医院,武大人民医院,no_calibration,False,,,,0.17527421564335466,0.25631140693586274,0.7528089887640449,,1.0,0.0,0.8367346938775511,8,0.7528089887640449
ColposcopyOCTText_CrossAttention,loco_武大人民医院,武大人民医院,threshold_lock_only,False,,,,0.17527421564335466,0.25631140693586274,0.8764044943820225,,1.0,0.0,0.9183673469387755,4,0.8764044943820225
ColposcopyOCTText_CrossAttention,loco_武大人民医院,武大人民医院,temperature_scaling_val_only,False,3.0,,,0.1534459224609668,0.323367976464025,0.9775280898876404,,1.0,0.0,0.9591836734693877,2,0.9775280898876404
ColposcopyOCTText_CrossAttention,loco_武大人民医院,武大人民医院,logit_median_matching_target_unlabeled,True,,-5.9763255739529555,,0.6826513135758995,0.7531245877068639,0.33707865168539325,,1.0,0.0,0.46938775510204084,26,0.33707865168539325
ColposcopyOCTText_CrossAttention,loco_武大人民医院,武大人民医院,full_model_calibration,True,,-5.9763255739529555,,0.6826513135758995,0.7531245877068639,0.33707865168539325,,1.0,0.0,0.46938775510204084,26,0.33707865168539325
ColposcopyOCTText_CrossAttention,loco_荆州市第一人民医院,荆州市第一人民医院,no_calibration,False,,,0.5638321248077346,0.7520112828899791,0.7737778721666382,0.918918918918919,0.13008130081300814,0.09577464788732394,0.9411764705882353,1.0,0,0.874384236453202
ColposcopyOCTText_CrossAttention,loco_荆州市第一人民医院,荆州市第一人民医院,threshold_lock_only,False,,,0.5638321248077346,0.7520112828899791,0.7737778721666382,0.05405405405405406,0.959349593495935,0.11764705882352941,0.910025706940874,0.07692307692307693,12,0.04187192118226601
ColposcopyOCTText_CrossAttention,loco_荆州市第一人民医院,荆州市第一人民医院,temperature_scaling_val_only,False,3.5500000000000003,,0.5641983446861496,0.5854391797420129,0.6818245520979604,0.0,1.0,,0.9088669950738916,0.0,13,0.0
ColposcopyOCTText_CrossAttention,loco_荆州市第一人民医院,荆州市第一人民医院,logit_median_matching_target_unlabeled,True,,-8.992176853887893,0.5641983446861496,0.25565976528563855,0.28177173755270113,0.0,1.0,,0.9088669950738916,0.0,13,0.0
ColposcopyOCTText_CrossAttention,loco_荆州市第一人民医院,荆州市第一人民医院,full_model_calibration,True,,-8.992176853887893,0.5641983446861496,0.25565976528563855,0.28177173755270113,0.0,1.0,,0.9088669950738916,0.0,13,0.0
ColposcopyOCTText_CrossAttention,loco_襄阳市中心医院,襄阳市中心医院,no_calibration,False,,,0.5330419580419581,0.4650873155237587,0.46970960224925185,0.6272727272727273,0.44358974358974357,0.24125874125874125,0.8084112149532711,0.7213114754098361,17,0.572
ColposcopyOCTText_CrossAttention,loco_襄阳市中心医院,襄阳市中心医院,threshold_lock_only,False,,,0.5330419580419581,0.4650873155237587,0.46970960224925185,0.1,0.9615384615384616,0.4230769230769231,0.7911392405063291,0.0,61,0.052
ColposcopyOCTText_CrossAttention,loco_襄阳市中心医院,襄阳市中心医院,temperature_scaling_val_only,False,2.5,,0.5330419580419581,0.39114884589974236,0.408694844726776,0.0,1.0,,0.78,0.0,61,0.0
ColposcopyOCTText_CrossAttention,loco_襄阳市中心医院,襄阳市中心医院,logit_median_matching_target_unlabeled,True,,-3.895747025157815,0.5330419580419581,0.3276465308464509,0.33407025253341205,0.0,1.0,,0.78,0.0,61,0.0
ColposcopyOCTText_CrossAttention,loco_襄阳市中心医院,襄阳市中心医院,full_model_calibration,True,,-3.895747025157815,0.5330419580419581,0.3276465308464509,0.33407025253341205,0.0,1.0,,0.78,0.0,61,0.0
ColposcopyOCT_EarlyConcat,loco_十堰市人民医院,十堰市人民医院,no_calibration,False,,,0.6580433455433455,0.13045675157463094,0.1483898675927522,0.35714285714285715,0.8653846153846154,0.136986301369863,0.9574468085106383,0.5,2,0.14717741935483872
ColposcopyOCT_EarlyConcat,loco_十堰市人民医院,十堰市人民医院,threshold_lock_only,False,,,0.6580433455433455,0.13045675157463094,0.1483898675927522,0.0,0.9935897435897436,0.0,0.9432048681541582,0.0,4,0.006048387096774193
ColposcopyOCT_EarlyConcat,loco_十堰市人民医院,十堰市人民医院,temperature_scaling_val_only,False,5.0,,0.6580433455433455,0.1278546251878044,0.23700739785728459,0.0,1.0,,0.9435483870967742,0.0,4,0.0
ColposcopyOCT_EarlyConcat,loco_十堰市人民医院,十堰市人民医院,logit_median_matching_target_unlabeled,True,,1.35932179810918,0.6580433455433455,0.17674585050481117,0.19831796679768265,0.0,0.9914529914529915,0.0,0.943089430894309,0.0,4,0.008064516129032258
ColposcopyOCT_EarlyConcat,loco_十堰市人民医院,十堰市人民医院,full_model_calibration,True,,1.35932179810918,0.6580433455433455,0.17674585050481117,0.19831796679768265,0.0,0.9914529914529915,0.0,0.943089430894309,0.0,4,0.008064516129032258
ColposcopyOCT_EarlyConcat,loco_恩施州中心医院,恩施州中心医院,no_calibration,False,,,0.6758082497212932,0.2729052047504829,0.24259190228189792,0.5307692307692308,0.7318840579710145,0.4825174825174825,0.7680608365019012,0.59375,26,0.3522167487684729
ColposcopyOCT_EarlyConcat,loco_恩施州中心医院,恩施州中心医院,threshold_lock_only,False,,,0.6758082497212932,0.2729052047504829,0.24259190228189792,0.16923076923076924,0.9818840579710145,0.8148148148148148,0.7150395778364116,0.21875,50,0.0665024630541872
ColposcopyOCT_EarlyConcat,loco_恩施州中心医院,恩施州中心医院,temperature_scaling_val_only,False,3.1500000000000004,,0.6758082497212932,0.222208004612867,0.15170364931855704,0.0,1.0,,0.6798029556650246,0.0,64,0.0
ColposcopyOCT_EarlyConcat,loco_恩施州中心医院,恩施州中心医院,logit_median_matching_target_unlabeled,True,,-2.3913065190234275,0.6758082497212932,0.2511783986370998,0.24807466580851553,0.12307692307692308,0.9963768115942029,0.9411764705882353,0.7069408740359897,0.1875,52,0.04187192118226601
ColposcopyOCT_EarlyConcat,loco_恩施州中心医院,恩施州中心医院,full_model_calibration,True,,-2.3913065190234275,0.6758082497212932,0.2511783986370998,0.24807466580851553,0.12307692307692308,0.9963768115942029,0.9411764705882353,0.7069408740359897,0.1875,52,0.04187192118226601
ColposcopyOCT_EarlyConcat,loco_武大人民医院,武大人民医院,no_calibration,False,,,,0.4130022187363617,0.4774899069736574,0.550561797752809,,1.0,0.0,0.6530612244897959,17,0.550561797752809
ColposcopyOCT_EarlyConcat,loco_武大人民医院,武大人民医院,threshold_lock_only,False,,,,0.4130022187363617,0.4774899069736574,0.6179775280898876,,1.0,0.0,0.8571428571428571,7,0.6179775280898876
ColposcopyOCT_EarlyConcat,loco_武大人民医院,武大人民医院,temperature_scaling_val_only,False,3.75,,,0.2976382317921321,0.4820678606126713,0.9325842696629213,,1.0,0.0,1.0,0,0.9325842696629213
ColposcopyOCT_EarlyConcat,loco_武大人民医院,武大人民医院,logit_median_matching_target_unlabeled,True,,-4.164661467839318,,0.6971517807251002,0.7534307786031144,0.3595505617977528,,1.0,0.0,0.6938775510204082,15,0.3595505617977528
ColposcopyOCT_EarlyConcat,loco_武大人民医院,武大人民医院,full_model_calibration,True,,-4.164661467839318,,0.6971517807251002,0.7534307786031144,0.3595505617977528,,1.0,0.0,0.6938775510204082,15,0.3595505617977528
ColposcopyOCT_EarlyConcat,loco_荆州市第一人民医院,荆州市第一人民医院,no_calibration,False,,,0.5133670255621475,0.5706659577827249,0.5921796841724154,0.8108108108108109,0.33604336043360433,0.10909090909090909,0.9465648854961832,0.8461538461538461,2,0.6773399014778325
ColposcopyOCT_EarlyConcat,loco_荆州市第一人民医院,荆州市第一人民医院,threshold_lock_only,False,,,0.5133670255621475,0.5706659577827249,0.5921796841724154,0.3783783783783784,0.6016260162601627,0.08695652173913043,0.9061224489795918,0.23076923076923078,10,0.39655172413793105
ColposcopyOCT_EarlyConcat,loco_荆州市第一人民医院,荆州市第一人民医院,temperature_scaling_val_only,False,3.85,,0.5140262213432946,0.43917555822927845,0.5389922361434765,0.0,1.0,,0.9088669950738916,0.0,13,0.0
ColposcopyOCT_EarlyConcat,loco_荆州市第一人民医院,荆州市第一人民医院,logit_median_matching_target_unlabeled,True,,-5.086249940721311,0.5140262213432946,0.34984921263562696,0.3570220506498094,0.08108108108108109,0.8590785907859079,0.05454545454545454,0.9031339031339032,0.15384615384615385,11,0.1354679802955665
ColposcopyOCT_EarlyConcat,loco_荆州市第一人民医院,荆州市第一人民医院,full_model_calibration,True,,-5.086249940721311,0.5140262213432946,0.34984921263562696,0.3570220506498094,0.08108108108108109,0.8590785907859079,0.05454545454545454,0.9031339031339032,0.15384615384615385,11,0.1354679802955665
ColposcopyOCT_EarlyConcat,loco_襄阳市中心医院,襄阳市中心医院,no_calibration,False,,,0.5558508158508159,0.40832045122753435,0.41191656914398433,0.5909090909090909,0.517948717948718,0.25691699604743085,0.8178137651821862,0.6885245901639344,19,0.506
ColposcopyOCT_EarlyConcat,loco_襄阳市中心医院,襄阳市中心医院,threshold_lock_only,False,,,0.5558508158508159,0.40832045122753435,0.41191656914398433,0.42727272727272725,0.6641025641025641,0.2640449438202247,0.8043478260869565,0.16393442622950818,51,0.356
ColposcopyOCT_EarlyConcat,loco_襄阳市中心医院,襄阳市中心医院,temperature_scaling_val_only,False,2.95,,0.555990675990676,0.33537080791696167,0.35495129298999084,0.15454545454545454,0.8974358974358975,0.2982456140350877,0.7900677200902935,0.0,61,0.114
ColposcopyOCT_EarlyConcat,loco_襄阳市中心医院,襄阳市中心医院,logit_median_matching_target_unlabeled,True,,-2.849372158084774,0.555990675990676,0.3231184214539637,0.31607938195887125,0.24545454545454545,0.841025641025641,0.30337078651685395,0.7980535279805353,0.06557377049180328,57,0.178
ColposcopyOCT_EarlyConcat,loco_襄阳市中心医院,襄阳市中心医院,full_model_calibration,True,,-2.849372158084774,0.555990675990676,0.3231184214539637,0.31607938195887125,0.24545454545454545,0.841025641025641,0.30337078651685395,0.7980535279805353,0.06557377049180328,57,0.178
ColposcopyOCT_LateFusion,loco_十堰市人民医院,十堰市人民医院,no_calibration,False,,,0.5751678876678876,0.16306519266770553,0.26728175836503487,0.21428571428571427,0.8696581196581197,0.08955223880597014,0.9487179487179487,0.5,2,0.1350806451612903
ColposcopyOCT_LateFusion,loco_十堰市人民医院,十堰市人民医院,threshold_lock_only,False,,,0.5751678876678876,0.16306519266770553,0.26728175836503487,0.17857142857142858,0.9166666666666666,0.11363636363636363,0.9491150442477876,0.25,3,0.08870967741935484
ColposcopyOCT_LateFusion,loco_十堰市人民医院,十堰市人民医院,temperature_scaling_val_only,False,2.2,,0.5751678876678876,0.1706659174494853,0.2981009563781446,0.17857142857142858,0.9487179487179487,0.1724137931034483,0.9507494646680942,0.25,3,0.05846774193548387
ColposcopyOCT_LateFusion,loco_十堰市人民医院,十堰市人民医院,logit_median_matching_target_unlabeled,True,,-0.32614777253910876,0.5751678876678876,0.13015203398905498,0.21636495931054134,0.17857142857142858,0.9423076923076923,0.15625,0.9504310344827587,0.25,3,0.06451612903225806
ColposcopyOCT_LateFusion,loco_十堰市人民医院,十堰市人民医院,full_model_calibration,True,,-0.32614777253910876,0.5751678876678876,0.13015203398905498,0.21636495931054134,0.17857142857142858,0.9423076923076923,0.15625,0.9504310344827587,0.25,3,0.06451612903225806
ColposcopyOCT_LateFusion,loco_恩施州中心医院,恩施州中心医院,no_calibration,False,,,0.6702062430323299,0.22167279602308268,0.15653314135327306,0.46153846153846156,0.7717391304347826,0.4878048780487805,0.7526501766784452,0.53125,30,0.30295566502463056
ColposcopyOCT_LateFusion,loco_恩施州中心医院,恩施州中心医院,threshold_lock_only,False,,,0.6702062430323299,0.22167279602308268,0.15653314135327306,0.36153846153846153,0.8731884057971014,0.573170731707317,0.7438271604938271,0.4375,36,0.2019704433497537
ColposcopyOCT_LateFusion,loco_恩施州中心医院,恩施州中心医院,temperature_scaling_val_only,False,1.5,,0.6702062430323299,0.2146065310134952,0.13281639418896102,0.35384615384615387,0.894927536231884,0.6133333333333333,0.7462235649546828,0.4375,36,0.18472906403940886
ColposcopyOCT_LateFusion,loco_恩施州中心医院,恩施州中心医院,logit_median_matching_target_unlabeled,True,,-1.5309225943311675,0.6702062430323299,0.22052226568717517,0.16315656291693648,0.18461538461538463,0.9637681159420289,0.7058823529411765,0.7150537634408602,0.234375,49,0.08374384236453201
ColposcopyOCT_LateFusion,loco_恩施州中心医院,恩施州中心医院,full_model_calibration,True,,-1.5309225943311675,0.6702062430323299,0.22052226568717517,0.16315656291693648,0.18461538461538463,0.9637681159420289,0.7058823529411765,0.7150537634408602,0.234375,49,0.08374384236453201
ColposcopyOCT_LateFusion,loco_武大人民医院,武大人民医院,no_calibration,False,,,,0.5368862375638849,0.6609437749789444,0.29213483146067415,,1.0,0.0,0.40816326530612246,29,0.29213483146067415
ColposcopyOCT_LateFusion,loco_武大人民医院,武大人民医院,threshold_lock_only,False,,,,0.5368862375638849,0.6609437749789444,0.4157303370786517,,1.0,0.0,0.7142857142857143,14,0.4157303370786517
ColposcopyOCT_LateFusion,loco_武大人民医院,武大人民医院,temperature_scaling_val_only,False,2.0,,,0.4625851747806586,0.633587191761239,0.5056179775280899,,1.0,0.0,0.8163265306122449,9,0.5056179775280899
ColposcopyOCT_LateFusion,loco_武大人民医院,武大人民医院,logit_median_matching_target_unlabeled,True,,-1.244634417151608,,0.7053451367933967,0.8008377105498363,0.14606741573033707,,1.0,0.0,0.6326530612244898,18,0.14606741573033707
ColposcopyOCT_LateFusion,loco_武大人民医院,武大人民医院,full_model_calibration,True,,-1.244634417151608,,0.7053451367933967,0.8008377105498363,0.14606741573033707,,1.0,0.0,0.6326530612244898,18,0.14606741573033707
ColposcopyOCT_LateFusion,loco_荆州市第一人民医院,荆州市第一人民医院,no_calibration,False,,,0.47718450157474546,0.4151329148025404,0.5048146133956773,0.7297297297297297,0.4010840108401084,0.10887096774193548,0.9367088607594937,0.7692307692307693,3,0.6108374384236454
ColposcopyOCT_LateFusion,loco_荆州市第一人民医院,荆州市第一人民医院,threshold_lock_only,False,,,0.47718450157474546,0.4151329148025404,0.5048146133956773,0.21621621621621623,0.6747967479674797,0.0625,0.89568345323741,0.15384615384615385,11,0.31527093596059114
ColposcopyOCT_LateFusion,loco_荆州市第一人民医院,荆州市第一人民医院,temperature_scaling_val_only,False,1.75,,0.47718450157474546,0.3743682434546041,0.47982907373114625,0.13513513513513514,0.7533875338753387,0.052083333333333336,0.896774193548387,0.07692307692307693,12,0.23645320197044334
ColposcopyOCT_LateFusion,loco_荆州市第一人民医院,荆州市第一人民医院,logit_median_matching_target_unlabeled,True,,-1.226586156220288,0.47718450157474546,0.29344513143055995,0.329123618218724,0.10810810810810811,0.7723577235772358,0.045454545454545456,0.8962264150943396,0.07692307692307693,12,0.21674876847290642
ColposcopyOCT_LateFusion,loco_荆州市第一人民医院,荆州市第一人民医院,full_model_calibration,True,,-1.226586156220288,0.47718450157474546,0.29344513143055995,0.329123618218724,0.10810810810810811,0.7723577235772358,0.045454545454545456,0.8962264150943396,0.07692307692307693,12,0.21674876847290642
ColposcopyOCT_LateFusion,loco_襄阳市中心医院,襄阳市中心医院,no_calibration,False,,,0.6094172494172495,0.27400825392325234,0.2826268851040154,0.6090909090909091,0.5641025641025641,0.28270042194092826,0.8365019011406845,0.7540983606557377,15,0.474
ColposcopyOCT_LateFusion,loco_襄阳市中心医院,襄阳市中心医院,threshold_lock_only,False,,,0.6094172494172495,0.27400825392325234,0.2826268851040154,0.7909090909090909,0.32564102564102565,0.24857142857142858,0.8466666666666667,0.5573770491803278,27,0.7
ColposcopyOCT_LateFusion,loco_襄阳市中心医院,襄阳市中心医院,temperature_scaling_val_only,False,1.7000000000000002,,0.6094172494172495,0.2511999263460361,0.25583964445164026,0.8454545454545455,0.2230769230769231,0.23484848484848486,0.8365384615384616,0.5081967213114754,30,0.792
ColposcopyOCT_LateFusion,loco_襄阳市中心医院,襄阳市中心医院,logit_median_matching_target_unlabeled,True,,-1.1893562204399875,0.6094172494172495,0.20496820241665012,0.14824705710044764,0.6363636363636364,0.5,0.2641509433962264,0.8297872340425532,0.36065573770491804,39,0.53
ColposcopyOCT_LateFusion,loco_襄阳市中心医院,襄阳市中心医院,full_model_calibration,True,,-1.1893562204399875,0.6094172494172495,0.20496820241665012,0.14824705710044764,0.6363636363636364,0.5,0.2641509433962264,0.8297872340425532,0.36065573770491804,39,0.53
ColposcopyOnly_ViT,loco_十堰市人民医院,十堰市人民医院,no_calibration,False,,,0.569787851037851,0.3935155110048089,0.4464130582015399,0.5357142857142857,0.5085470085470085,0.061224489795918366,0.9482071713147411,0.5,2,0.4939516129032258
ColposcopyOnly_ViT,loco_十堰市人民医院,十堰市人民医院,threshold_lock_only,False,,,0.569787851037851,0.3935155110048089,0.4464130582015399,0.42857142857142855,0.5747863247863247,0.05687203791469194,0.9438596491228071,0.5,2,0.4254032258064516
ColposcopyOnly_ViT,loco_十堰市人民医院,十堰市人民医院,temperature_scaling_val_only,False,5.0,,0.569787851037851,0.26946535278521605,0.4334440743058383,0.17857142857142858,0.8376068376068376,0.06172839506172839,0.944578313253012,0.25,3,0.16330645161290322
ColposcopyOnly_ViT,loco_十堰市人民医院,十堰市人民医院,logit_median_matching_target_unlabeled,True,,-2.6745101966557003,0.569787851037851,0.2122708262814937,0.24395948077135532,0.2857142857142857,0.8034188034188035,0.08,0.9494949494949495,0.5,2,0.20161290322580644
ColposcopyOnly_ViT,loco_十堰市人民医院,十堰市人民医院,full_model_calibration,True,,-2.6745101966557003,0.569787851037851,0.2122708262814937,0.24395948077135532,0.2857142857142857,0.8034188034188035,0.08,0.9494949494949495,0.5,2,0.20161290322580644
ColposcopyOnly_ViT,loco_恩施州中心医院,恩施州中心医院,no_calibration,False,,,0.6494425863991081,0.25470562232420074,0.2298962234017934,0.36153846153846153,0.855072463768116,0.5402298850574713,0.7398119122257053,0.40625,38,0.21428571428571427
ColposcopyOnly_ViT,loco_恩施州中心医院,恩施州中心医院,threshold_lock_only,False,,,0.6494425863991081,0.25470562232420074,0.2298962234017934,0.1,0.9818840579710145,0.7222222222222222,0.6984536082474226,0.0625,60,0.04433497536945813
ColposcopyOnly_ViT,loco_恩施州中心医院,恩施州中心医院,temperature_scaling_val_only,False,3.45,,0.6494843924191751,0.2116057189122377,0.12129633151559281,0.0,1.0,,0.6798029556650246,0.0,64,0.0
ColposcopyOnly_ViT,loco_恩施州中心医院,恩施州中心医院,logit_median_matching_target_unlabeled,True,,-0.06964424076446818,0.6494843924191751,0.254105119108207,0.22494582631538237,0.1,0.9818840579710145,0.7222222222222222,0.6984536082474226,0.0625,60,0.04433497536945813
ColposcopyOnly_ViT,loco_恩施州中心医院,恩施州中心医院,full_model_calibration,True,,-0.06964424076446818,0.6494843924191751,0.254105119108207,0.22494582631538237,0.1,0.9818840579710145,0.7222222222222222,0.6984536082474226,0.0625,60,0.04433497536945813
ColposcopyOnly_ViT,loco_武大人民医院,武大人民医院,no_calibration,False,,,,0.5905702956598422,0.6574946228434225,0.34831460674157305,,1.0,0.0,0.4897959183673469,25,0.34831460674157305
ColposcopyOnly_ViT,loco_武大人民医院,武大人民医院,threshold_lock_only,False,,,,0.5905702956598422,0.6574946228434225,0.8314606741573034,,1.0,0.0,0.8163265306122449,9,0.8314606741573034
ColposcopyOnly_ViT,loco_武大人民医院,武大人民医院,temperature_scaling_val_only,False,4.050000000000001,,,0.4084284532817566,0.5956061775848355,1.0,,1.0,,1.0,0,1.0
ColposcopyOnly_ViT,loco_武大人民医院,武大人民医院,logit_median_matching_target_unlabeled,True,,-1.0317384173323125,,0.6615216074112016,0.7254259541911596,0.7640449438202247,,1.0,0.0,0.8163265306122449,9,0.7640449438202247
ColposcopyOnly_ViT,loco_武大人民医院,武大人民医院,full_model_calibration,True,,-1.0317384173323125,,0.6615216074112016,0.7254259541911596,0.7640449438202247,,1.0,0.0,0.8163265306122449,9,0.7640449438202247
ColposcopyOnly_ViT,loco_荆州市第一人民医院,荆州市第一人民医院,no_calibration,False,,,0.46572181938035606,0.3658051310034693,0.37608440604239657,0.2702702702702703,0.6205962059620597,0.06666666666666667,0.89453125,0.3076923076923077,9,0.3694581280788177
ColposcopyOnly_ViT,loco_荆州市第一人民医院,荆州市第一人民医院,threshold_lock_only,False,,,0.46572181938035606,0.3658051310034693,0.37608440604239657,0.2702702702702703,0.6205962059620597,0.06666666666666667,0.89453125,0.0,13,0.3694581280788177
ColposcopyOnly_ViT,loco_荆州市第一人民医院,荆州市第一人民医院,temperature_scaling_val_only,False,3.75,,0.46572181938035595,0.27301121431816805,0.33176649911997963,0.24324324324324326,0.6531165311653117,0.06569343065693431,0.895910780669145,0.0,13,0.3374384236453202
ColposcopyOnly_ViT,loco_荆州市第一人民医院,荆州市第一人民医院,logit_median_matching_target_unlabeled,True,,-0.553333339044034,0.46572181938035606,0.3478575854262515,0.3545415891321325,0.24324324324324326,0.6531165311653117,0.06569343065693431,0.895910780669145,0.0,13,0.3374384236453202
ColposcopyOnly_ViT,loco_荆州市第一人民医院,荆州市第一人民医院,full_model_calibration,True,,-0.553333339044034,0.46572181938035606,0.3478575854262515,0.3545415891321325,0.24324324324324326,0.6531165311653117,0.06569343065693431,0.895910780669145,0.0,13,0.3374384236453202
ColposcopyOnly_ViT,loco_襄阳市中心医院,襄阳市中心医院,no_calibration,False,,,0.5472261072261072,0.43445550157639595,0.43404633155897443,0.6,0.4897435897435897,0.2490566037735849,0.8127659574468085,0.6885245901639344,19,0.53
ColposcopyOnly_ViT,loco_襄阳市中心医院,襄阳市中心医院,threshold_lock_only,False,,,0.5472261072261072,0.43445550157639595,0.43404633155897443,0.7181818181818181,0.35384615384615387,0.23867069486404835,0.8165680473372781,0.7377049180327869,16,0.662
ColposcopyOnly_ViT,loco_襄阳市中心医院,襄阳市中心医院,temperature_scaling_val_only,False,3.8000000000000003,,0.5472610722610722,0.33564539176111574,0.3602455904883719,0.8636363636363636,0.1358974358974359,0.2199074074074074,0.7794117647058824,0.8524590163934426,9,0.864
ColposcopyOnly_ViT,loco_襄阳市中心医院,襄阳市中心医院,logit_median_matching_target_unlabeled,True,,-2.4120590497258836,0.5472610722610722,0.3621880725583995,0.3611377989140695,0.5818181818181818,0.5230769230769231,0.256,0.816,0.6721311475409836,20,0.5
ColposcopyOnly_ViT,loco_襄阳市中心医院,襄阳市中心医院,full_model_calibration,True,,-2.4120590497258836,0.5472610722610722,0.3621880725583995,0.3611377989140695,0.5818181818181818,0.5230769230769231,0.256,0.816,0.6721311475409836,20,0.5
HyDRA_CoE_Full,loco_十堰市人民医院,十堰市人民医院,no_calibration,False,,,0.682844932844933,0.13598154453685526,0.18184191815131268,0.5,0.8141025641025641,0.13861386138613863,0.9645569620253165,0.5,2,0.20362903225806453
HyDRA_CoE_Full,loco_十堰市人民医院,十堰市人民医院,threshold_lock_only,False,,,0.682844932844933,0.13598154453685526,0.18184191815131268,0.10714285714285714,0.9893162393162394,0.375,0.9487704918032787,0.0,4,0.016129032258064516
HyDRA_CoE_Full,loco_十堰市人民医院,十堰市人民医院,temperature_scaling_val_only,False,1.8,,0.682844932844933,0.13562219275182194,0.2400316710752738,0.07142857142857142,0.9978632478632479,0.6666666666666666,0.947261663286004,0.0,4,0.006048387096774193
HyDRA_CoE_Full,loco_十堰市人民医院,十堰市人民医院,logit_median_matching_target_unlabeled,True,,-0.05995327590006205,0.682844932844933,0.13197172697711268,0.17508328173452106,0.10714285714285714,0.9914529914529915,0.42857142857142855,0.9488752556237219,0.0,4,0.014112903225806451
HyDRA_CoE_Full,loco_十堰市人民医院,十堰市人民医院,full_hydra_calibration,True,,-0.05995327590006205,0.682844932844933,0.13197172697711268,0.17508328173452106,0.10714285714285714,0.9914529914529915,0.42857142857142855,0.9488752556237219,0.0,4,0.014112903225806451
HyDRA_CoE_Full,loco_恩施州中心医院,恩施州中心医院,no_calibration,False,,,0.7426978818283166,0.21022562972370318,0.14824815654282236,0.6230769230769231,0.7608695652173914,0.5510204081632653,0.8108108108108109,0.703125,19,0.3620689655172414
HyDRA_CoE_Full,loco_恩施州中心医院,恩施州中心医院,threshold_lock_only,False,,,0.7426978818283166,0.21022562972370318,0.14824815654282236,0.3,0.9601449275362319,0.78,0.7443820224719101,0.390625,39,0.12315270935960591
HyDRA_CoE_Full,loco_恩施州中心医院,恩施州中心医院,temperature_scaling_val_only,False,1.4500000000000002,,0.7426978818283166,0.19689774444604002,0.1081537392972105,0.13846153846153847,0.9818840579710145,0.782608695652174,0.7075718015665796,0.203125,51,0.05665024630541872
HyDRA_CoE_Full,loco_恩施州中心医院,恩施州中心医院,logit_median_matching_target_unlabeled,True,,-1.468609223044335,0.7426978818283166,0.194529873063106,0.13805885198272452,0.06923076923076923,0.9927536231884058,0.8181818181818182,0.6936708860759494,0.09375,58,0.027093596059113302
HyDRA_CoE_Full,loco_恩施州中心医院,恩施州中心医院,full_hydra_calibration,True,,-1.468609223044335,0.7426978818283166,0.194529873063106,0.13805885198272452,0.06923076923076923,0.9927536231884058,0.8181818181818182,0.6936708860759494,0.09375,58,0.027093596059113302
HyDRA_CoE_Full,loco_武大人民医院,武大人民医院,no_calibration,False,,,,0.3591559615869271,0.48405609844211606,0.550561797752809,,1.0,0.0,0.6530612244897959,17,0.550561797752809
HyDRA_CoE_Full,loco_武大人民医院,武大人民医院,threshold_lock_only,False,,,,0.3591559615869271,0.48405609844211606,0.6179775280898876,,1.0,0.0,0.7551020408163265,12,0.6179775280898876
HyDRA_CoE_Full,loco_武大人民医院,武大人民医院,temperature_scaling_val_only,False,1.6,,,0.32167000184579414,0.49546125988401135,0.6629213483146067,,1.0,0.0,0.8367346938775511,8,0.6629213483146067
HyDRA_CoE_Full,loco_武大人民医院,武大人民医院,logit_median_matching_target_unlabeled,True,,-2.9504133927254426,,0.7573359925358205,0.8503023219204952,0.16853932584269662,,1.0,0.0,0.3469387755102041,32,0.16853932584269662
HyDRA_CoE_Full,loco_武大人民医院,武大人民医院,full_hydra_calibration,True,,-2.9504133927254426,,0.7573359925358205,0.8503023219204952,0.16853932584269662,,1.0,0.0,0.3469387755102041,32,0.16853932584269662
HyDRA_CoE_Full,loco_荆州市第一人民医院,荆州市第一人民医院,no_calibration,False,,,0.5847799018530726,0.45611462235506606,0.5458799707522846,0.8108108108108109,0.34146341463414637,0.10989010989010989,0.9473684210526315,0.8461538461538461,2,0.6724137931034483
HyDRA_CoE_Full,loco_荆州市第一人民医院,荆州市第一人民医院,threshold_lock_only,False,,,0.5847799018530726,0.45611462235506606,0.5458799707522846,0.16216216216216217,0.8888888888888888,0.1276595744680851,0.9136490250696379,0.07692307692307693,12,0.11576354679802955
HyDRA_CoE_Full,loco_荆州市第一人民医院,荆州市第一人民医院,temperature_scaling_val_only,False,1.55,,0.5847799018530726,0.3882219442061014,0.5074613147658553,0.0,0.986449864498645,0.0,0.9077306733167082,0.0,13,0.012315270935960592
HyDRA_CoE_Full,loco_荆州市第一人民医院,荆州市第一人民医院,logit_median_matching_target_unlabeled,True,,-3.0449660988147684,0.5847799018530726,0.11851060566296827,0.11357867743558789,0.0,1.0,,0.9088669950738916,0.0,13,0.0
HyDRA_CoE_Full,loco_荆州市第一人民医院,荆州市第一人民医院,full_hydra_calibration,True,,-3.0449660988147684,0.5847799018530726,0.11851060566296827,0.11357867743558789,0.0,1.0,,0.9088669950738916,0.0,13,0.0
HyDRA_CoE_Full,loco_襄阳市中心医院,襄阳市中心医院,no_calibration,False,,,0.5727738927738928,0.342563923090167,0.34455810025819034,0.5818181818181818,0.5333333333333333,0.2601626016260163,0.8188976377952756,0.7213114754098361,17,0.492
HyDRA_CoE_Full,loco_襄阳市中心医院,襄阳市中心医院,threshold_lock_only,False,,,0.5727738927738928,0.342563923090167,0.34455810025819034,0.5181818181818182,0.5717948717948718,0.2544642857142857,0.8079710144927537,0.4098360655737705,36,0.448
HyDRA_CoE_Full,loco_襄阳市中心医院,襄阳市中心医院,temperature_scaling_val_only,False,1.35,,0.5727738927738928,0.3132767698204312,0.3219958153378327,0.5,0.5948717948717949,0.25821596244131456,0.8083623693379791,0.3114754098360656,42,0.426
HyDRA_CoE_Full,loco_襄阳市中心医院,襄阳市中心医院,logit_median_matching_target_unlabeled,True,,-2.0474206927695624,0.5727738927738928,0.21244675714832004,0.1948086559502662,0.2,0.8948717948717949,0.3492063492063492,0.7986270022883295,0.04918032786885246,58,0.126
HyDRA_CoE_Full,loco_襄阳市中心医院,襄阳市中心医院,full_hydra_calibration,True,,-2.0474206927695624,0.5727738927738928,0.21244675714832004,0.1948086559502662,0.2,0.8948717948717949,0.3492063492063492,0.7986270022883295,0.04918032786885246,58,0.126
OCTOnly_ViT,loco_十堰市人民医院,十堰市人民医院,no_calibration,False,,,0.5769230769230769,0.10260318265917857,0.13050471416179965,0.17857142857142858,0.9465811965811965,0.16666666666666666,0.9506437768240343,0.5,2,0.06048387096774194
OCTOnly_ViT,loco_十堰市人民医院,十堰市人民医院,threshold_lock_only,False,,,0.5769230769230769,0.10260318265917857,0.13050471416179965,0.21428571428571427,0.8226495726495726,0.06741573033707865,0.9459459459459459,0.5,2,0.17943548387096775
OCTOnly_ViT,loco_十堰市人民医院,十堰市人民医院,temperature_scaling_val_only,False,3.85,,0.5716956654456655,0.09680667231303877,0.12278903689025422,0.35714285714285715,0.7329059829059829,0.07407407407407407,0.9501385041551247,0.75,1,0.2721774193548387
OCTOnly_ViT,loco_十堰市人民医院,十堰市人民医院,logit_median_matching_target_unlabeled,True,,6.221995467298916,0.5716575091575092,0.2935337482470949,0.3151120098299498,0.5,0.5961538461538461,0.06896551724137931,0.9522184300341296,0.75,1,0.4092741935483871
OCTOnly_ViT,loco_十堰市人民医院,十堰市人民医院,full_model_calibration,True,,6.221995467298916,0.5716575091575092,0.2935337482470949,0.3151120098299498,0.5,0.5961538461538461,0.06896551724137931,0.9522184300341296,0.75,1,0.4092741935483871
OCTOnly_ViT,loco_恩施州中心医院,恩施州中心医院,no_calibration,False,,,0.6444258639910814,0.33374071736934485,0.3063306067946643,0.6153846153846154,0.5615942028985508,0.39800995024875624,0.7560975609756098,0.640625,23,0.49507389162561577
OCTOnly_ViT,loco_恩施州中心医院,恩施州中心医院,threshold_lock_only,False,,,0.6444258639910814,0.33374071736934485,0.3063306067946643,0.7769230769230769,0.37318840579710144,0.3686131386861314,0.7803030303030303,0.71875,18,0.6748768472906403
OCTOnly_ViT,loco_恩施州中心医院,恩施州中心医院,temperature_scaling_val_only,False,2.6,,0.6444258639910814,0.2717710960033515,0.23061096920266627,0.8923076923076924,0.17391304347826086,0.3372093023255814,0.7741935483870968,0.859375,9,0.8472906403940886
OCTOnly_ViT,loco_恩施州中心医院,恩施州中心医院,logit_median_matching_target_unlabeled,True,,-2.559283039036412,0.6444258639910814,0.2652359939632646,0.2399526785487615,0.5384615384615384,0.6630434782608695,0.4294478527607362,0.7530864197530864,0.578125,27,0.4014778325123153
OCTOnly_ViT,loco_恩施州中心医院,恩施州中心医院,full_model_calibration,True,,-2.559283039036412,0.6444258639910814,0.2652359939632646,0.2399526785487615,0.5384615384615384,0.6630434782608695,0.4294478527607362,0.7530864197530864,0.578125,27,0.4014778325123153
OCTOnly_ViT,loco_武大人民医院,武大人民医院,no_calibration,False,,,,0.5946485482189898,0.6635866387975277,0.3258426966292135,,1.0,0.0,0.3877551020408163,30,0.3258426966292135
OCTOnly_ViT,loco_武大人民医院,武大人民医院,threshold_lock_only,False,,,,0.5946485482189898,0.6635866387975277,0.4606741573033708,,1.0,0.0,0.7346938775510204,13,0.4606741573033708
OCTOnly_ViT,loco_武大人民医院,武大人民医院,temperature_scaling_val_only,False,3.45,,,0.43974742665236205,0.6120399523815157,0.7528089887640449,,1.0,0.0,1.0,0,0.7528089887640449
OCTOnly_ViT,loco_武大人民医院,武大人民医院,logit_median_matching_target_unlabeled,True,,0.2029579554287908,,0.5794265441595521,0.6494781932420906,0.4606741573033708,,1.0,0.0,0.7551020408163265,12,0.4606741573033708
OCTOnly_ViT,loco_武大人民医院,武大人民医院,full_model_calibration,True,,0.2029579554287908,,0.5794265441595521,0.6494781932420906,0.4606741573033708,,1.0,0.0,0.7551020408163265,12,0.4606741573033708
OCTOnly_ViT,loco_荆州市第一人民医院,荆州市第一人民医院,no_calibration,False,,,0.5968651578407677,0.6814368527406819,0.7142380917096699,0.7567567567567568,0.2005420054200542,0.08668730650154799,0.891566265060241,0.6923076923076923,4,0.7955665024630542
OCTOnly_ViT,loco_荆州市第一人民医院,荆州市第一人民医院,threshold_lock_only,False,,,0.5968651578407677,0.6814368527406819,0.7142380917096699,0.7567567567567568,0.3035230352303523,0.09824561403508772,0.9256198347107438,0.6923076923076923,4,0.7019704433497537
OCTOnly_ViT,loco_荆州市第一人民医院,荆州市第一人民医院,temperature_scaling_val_only,False,3.6,,0.5966820479015601,0.4970474485206102,0.6084578294860372,0.5405405405405406,0.6395663956639567,0.13071895424836602,0.932806324110672,0.46153846153846156,7,0.3768472906403941
OCTOnly_ViT,loco_荆州市第一人民医院,荆州市第一人民医院,logit_median_matching_target_unlabeled,True,,-5.926816480448496,0.5966820479015601,0.29618081574385563,0.32009089392984125,0.40540540540540543,0.7533875338753387,0.14150943396226415,0.9266666666666666,0.46153846153846156,7,0.26108374384236455
OCTOnly_ViT,loco_荆州市第一人民医院,荆州市第一人民医院,full_model_calibration,True,,-5.926816480448496,0.5966820479015601,0.29618081574385563,0.32009089392984125,0.40540540540540543,0.7533875338753387,0.14150943396226415,0.9266666666666666,0.46153846153846156,7,0.26108374384236455
OCTOnly_ViT,loco_襄阳市中心医院,襄阳市中心医院,no_calibration,False,,,0.6155128205128206,0.2769739581320155,0.2619157373252794,0.41818181818181815,0.7,0.2822085889570552,0.8100890207715133,0.5573770491803278,27,0.326
OCTOnly_ViT,loco_襄阳市中心医院,襄阳市中心医院,threshold_lock_only,False,,,0.6155128205128206,0.2769739581320155,0.2619157373252794,0.9636363636363636,0.06666666666666667,0.225531914893617,0.8666666666666667,0.47540983606557374,32,0.94
OCTOnly_ViT,loco_襄阳市中心医院,襄阳市中心医院,temperature_scaling_val_only,False,2.7,,0.6155128205128206,0.23009296950406186,0.2088916548194694,1.0,0.0,0.22,,0.21311475409836064,48,1.0
OCTOnly_ViT,loco_襄阳市中心医院,襄阳市中心医院,logit_median_matching_target_unlabeled,True,,-1.5526082008926334,0.6155128205128206,0.2270158161910147,0.21339469888240653,0.9454545454545454,0.12051282051282051,0.232662192393736,0.8867924528301887,0.3114754098360656,42,0.894
OCTOnly_ViT,loco_襄阳市中心医院,襄阳市中心医院,full_model_calibration,True,,-1.5526082008926334,0.6155128205128206,0.2270158161910147,0.21339469888240653,0.9454545454545454,0.12051282051282051,0.232662192393736,0.8867924528301887,0.3114754098360656,42,0.894
